{
  "wareHouseList" : [ {
    "type" : "Products",
    "type" : "jackets",
    "brand" : "HM",
    "size" : 10,
    "color" : "Black",
    "price" : 40.0,
    "eonCode" : 1234,
    "count" : 9
  }, {
    "type" : "Products",
    "type" : "jackets",
    "brand" : "HM",
    "size" : 14,
    "color" : "White",
    "price" : 50.0,
    "eonCode" : 12,
    "count" : 20
  }, {
    "type" : "Products",
    "type" : "jackets",
    "brand" : "P.0P",
    "size" : 92,
    "color" : "White",
    "price" : 888.0,
    "eonCode" : 4321,
    "count" : 798
  }, {
    "type" : "Products",
    "type" : "jackets",
    "brand" : "P.OP",
    "size" : 98,
    "color" : "grey",
    "price" : 888.0,
    "eonCode" : 8897,
    "count" : 799
  }, {
    "type" : "Products",
    "type" : "jackets",
    "brand" : "NewBie",
    "size" : 86,
    "color" : "blue",
    "price" : 100.0,
    "eonCode" : 789,
    "count" : 199
  }, {
    "type" : "Products",
    "type" : "shoes",
    "brand" : "HM",
    "size" : 12,
    "color" : "Blue",
    "price" : 430.0,
    "eonCode" : 1,
    "count" : 10
  }, {
    "type" : "Products",
    "type" : "shoes",
    "brand" : "Ecco",
    "size" : 86,
    "color" : "red",
    "price" : 555.0,
    "eonCode" : 123,
    "count" : 43
  }, {
    "type" : "Products",
    "type" : "shoes",
    "brand" : "ecco",
    "size" : 43,
    "color" : "red",
    "price" : 999.0,
    "eonCode" : 9807,
    "count" : 888
  }, {
    "type" : "Products",
    "type" : "shoes",
    "brand" : "HM",
    "size" : 44,
    "color" : "blace",
    "price" : 555.0,
    "eonCode" : 9807,
    "count" : 76
  }, {
    "type" : "Products",
    "type" : "shoes",
    "brand" : "Nike",
    "size" : 23,
    "color" : "red",
    "price" : 456.0,
    "eonCode" : 5555,
    "count" : 330
  }, {
    "type" : "Products",
    "type" : "gloves",
    "brand" : "HM",
    "size" : 2,
    "color" : "Black",
    "price" : 2040.0,
    "eonCode" : 6644,
    "count" : 39
  }, {
    "type" : "Products",
    "type" : "gloves",
    "brand" : "Lindex",
    "size" : 4,
    "color" : "Pink",
    "price" : 230.0,
    "eonCode" : 633,
    "count" : 29
  }, {
    "type" : "Products",
    "type" : "gloves",
    "brand" : "Lindex",
    "size" : 3,
    "color" : "black",
    "price" : 99.0,
    "eonCode" : 987,
    "count" : 499
  }, {
    "type" : "Products",
    "type" : "gloves",
    "brand" : "Kappahl",
    "size" : 3,
    "color" : "green",
    "price" : 100.0,
    "eonCode" : 56789,
    "count" : 999
  }, {
    "type" : "Products",
    "type" : "pants",
    "brand" : "HM",
    "size" : 92,
    "color" : "red",
    "price" : 555.0,
    "eonCode" : 3456,
    "count" : 33
  }, {
    "type" : "Products",
    "type" : "pants",
    "brand" : "NewBie",
    "size" : 56,
    "color" : "gray",
    "price" : 200.0,
    "eonCode" : 45671,
    "count" : 769
  }, {
    "type" : "Products",
    "type" : "pants",
    "brand" : "HM",
    "size" : 38,
    "color" : "blue",
    "price" : 380.0,
    "eonCode" : 7895,
    "count" : 39
  }, {
    "type" : "Products",
    "type" : "pants",
    "brand" : "HM",
    "size" : 22,
    "color" : "red",
    "price" : 78.0,
    "eonCode" : 6298,
    "count" : 887
  } ]
}